step,mean_reward,success_rate,mean_ep_length
100000,0.9666666666666667,0,48.06666666666667
